{"d":{"Position":{"y":69,"x":19.712799652413,"z":2.4710545367647,"yaw":-56.098522186279,"pitch":35.100296020508},"World":"world"},"home":{"Position":{"y":69,"x":14.985685017954,"z":-1.063356748522,"yaw":145.95143127441,"pitch":23.250318527222},"World":"world"},"yes":{"Position":{"pitch":3.3003046512604,"x":19.494199487905,"z":9.6123076792191,"yaw":169.05166625977,"y":69},"World":"world"}}